{
  "topics": [
    {
      "topic_id": 0,
      "top_words": [
        "war",
        "people",
        "military",
        "just",
        "like",
        "think",
        "did",
        "world",
        "country",
        "know",
        "iraq",
        "url",
        "does",
        "american",
        "really"
      ],
      "weights": [
        76756.06510720366,
        73806.89995179423,
        56534.8813703445,
        52291.0920505809,
        44425.70969315068,
        41513.181013228575,
        40530.67381911828,
        29536.84959784607,
        29257.49099067156,
        26402.10793342773,
        26352.596472503203,
        25013.16576695856,
        24780.656150691448,
        24761.919676384394,
        20755.88457822901
      ]
    },
    {
      "topic_id": 1,
      "top_words": [
        "gold",
        "currency",
        "information",
        "value",
        "people",
        "manning",
        "money",
        "just",
        "does",
        "did",
        "like",
        "torture",
        "think",
        "wikileaks",
        "government"
      ],
      "weights": [
        30866.62323560675,
        11790.989747738291,
        9156.33463725813,
        8779.509110128203,
        8729.034899775796,
        8690.659489926857,
        8357.16894084029,
        7860.401997795344,
        7420.94941824491,
        7031.533793439659,
        6886.586782366176,
        6559.042008248053,
        6460.51671900542,
        6416.868881377587,
        6396.042579026667
      ]
    },
    {
      "topic_id": 2,
      "top_words": [
        "people",
        "just",
        "like",
        "state",
        "money",
        "think",
        "pay",
        "work",
        "does",
        "make",
        "know",
        "time",
        "vote",
        "government",
        "need"
      ],
      "weights": [
        67632.40997347461,
        38356.526695349814,
        32273.997757034944,
        29782.43229504759,
        26487.972666361326,
        23525.70179389319,
        22086.086893982003,
        21066.851090352517,
        19625.005561216072,
        18569.154140215396,
        17331.213500017067,
        16915.71830948239,
        16575.570441812313,
        16571.629973210267,
        15488.016528320342
      ]
    },
    {
      "topic_id": 3,
      "top_words": [
        "people",
        "just",
        "like",
        "ows",
        "think",
        "money",
        "want",
        "corporations",
        "make",
        "need",
        "government",
        "going",
        "url",
        "way",
        "know"
      ],
      "weights": [
        105122.13143521201,
        54494.56188337141,
        48975.88158736016,
        44860.33179301796,
        38432.49587582509,
        38112.557636811645,
        31492.85737103138,
        30263.7304267043,
        27607.186119874776,
        26692.777538211176,
        26436.01783648732,
        25398.71032482131,
        24357.38204168076,
        24181.352622514794,
        23317.070669968227
      ]
    },
    {
      "topic_id": 4,
      "top_words": [
        "people",
        "just",
        "religion",
        "like",
        "religious",
        "god",
        "think",
        "does",
        "gay",
        "christian",
        "believe",
        "say",
        "right",
        "marriage",
        "know"
      ],
      "weights": [
        52223.590943200164,
        34242.34473549168,
        34150.63964683949,
        32547.246997610207,
        30014.813637919775,
        29887.347935034602,
        28124.00674455312,
        26072.982293362347,
        24834.829188211013,
        21347.64220767931,
        20131.547763484272,
        18761.301378154636,
        17557.55138027663,
        16769.65703806586,
        16051.887931001413
      ]
    },
    {
      "topic_id": 5,
      "top_words": [
        "people",
        "just",
        "like",
        "black",
        "white",
        "think",
        "racist",
        "did",
        "know",
        "really",
        "does",
        "url",
        "say",
        "make",
        "ve"
      ],
      "weights": [
        67256.92855059015,
        43262.61731998253,
        42277.980755548764,
        30905.579314938226,
        30812.121987283164,
        28047.883099790113,
        25861.15055915111,
        21704.739960418312,
        20863.602456165514,
        18474.31816133348,
        18071.72646890636,
        15739.378572501793,
        15341.725880194543,
        15196.31062082182,
        14586.52961132829
      ]
    },
    {
      "topic_id": 6,
      "top_words": [
        "money",
        "economy",
        "inflation",
        "people",
        "just",
        "government",
        "economic",
        "debt",
        "does",
        "like",
        "china",
        "url",
        "think",
        "market",
        "demand"
      ],
      "weights": [
        46687.04803575533,
        40614.21211783322,
        29804.015046645716,
        27073.331567118854,
        26564.022268637033,
        26344.173058029195,
        25547.7461923961,
        25376.700592872046,
        23986.04146885912,
        22601.622037134504,
        21128.730339195703,
        19742.933287758795,
        19615.825209869323,
        19485.335466735512,
        19074.38080514197
      ]
    },
    {
      "topic_id": 7,
      "top_words": [
        "people",
        "life",
        "just",
        "child",
        "abortion",
        "think",
        "does",
        "like",
        "women",
        "children",
        "right",
        "care",
        "sex",
        "want",
        "make"
      ],
      "weights": [
        42170.26146107452,
        39915.17565274014,
        32301.005290284094,
        28196.82362135577,
        27886.568077971442,
        27424.59172040869,
        24180.71731799439,
        24038.51261923665,
        21681.296789329826,
        17580.422199266603,
        17358.612051800657,
        16550.331622794503,
        16342.062159439669,
        15981.440366296663,
        15391.720809715018
      ]
    },
    {
      "topic_id": 8,
      "top_words": [
        "just",
        "like",
        "people",
        "news",
        "url",
        "did",
        "think",
        "fox",
        "does",
        "know",
        "really",
        "reddit",
        "time",
        "right",
        "say"
      ],
      "weights": [
        91071.08301812377,
        88008.94939777878,
        70918.0315627502,
        70433.33400921828,
        70339.59771942222,
        55933.32283188743,
        52826.74272985007,
        45119.008047127834,
        43307.45586711377,
        42586.995923718576,
        35508.445669218316,
        35099.05684001775,
        34861.64294529296,
        33663.03059590606,
        30020.65818453747
      ]
    },
    {
      "topic_id": 9,
      "top_words": [
        "people",
        "just",
        "government",
        "security",
        "tsa",
        "like",
        "does",
        "url",
        "ndaa",
        "think",
        "did",
        "know",
        "terrorist",
        "11",
        "right"
      ],
      "weights": [
        18112.562780131502,
        17151.74854934474,
        14609.568628846744,
        13305.728777916394,
        12827.650035632025,
        12082.53500454908,
        10704.958042110551,
        9828.466631780133,
        9576.459492403133,
        8659.239405166347,
        8176.446254693502,
        7203.921046867234,
        6851.052051455015,
        6589.744145899299,
        6387.475890211544
      ]
    },
    {
      "topic_id": 10,
      "top_words": [
        "israel",
        "jews",
        "people",
        "israeli",
        "jewish",
        "just",
        "state",
        "url",
        "palestinians",
        "does",
        "like",
        "war",
        "land",
        "right",
        "did"
      ],