{
  "topics": [
    {
      "topic_id": 0,
      "top_words": [
        "war",
        "military",
        "world",
        "just",
        "people",
        "like",
        "country",
        "iraq",
        "think",
        "url",
        "did",
        "american",
        "oil",
        "does",
        "iran"
      ],
      "weights": [
        75467.14639054981,
        37263.91979947051,
        34199.67756406032,
        33964.3052813331,
        32320.24242873224,
        28855.508367122664,
        28777.582580421007,
        27771.98450379489,
        26593.48710156148,
        26589.091699840734,
        23904.876531937643,
        21489.44190821172,
        21028.511114540546,
        20581.182230227718,
        20104.200935134548
      ]
    },
    {
      "topic_id": 1,
      "top_words": [
        "people",
        "just",
        "like",
        "did",
        "think",
        "know",
        "police",
        "does",
        "url",
        "time",
        "right",
        "say",
        "make",
        "way",
        "really"
      ],
      "weights": [
        71567.91563474268,
        55943.38606809535,
        50085.57261935947,
        45580.080627923366,
        38620.46762281103,
        32502.61220192582,
        31460.538165153805,
        30880.48369852129,
        22282.443374463805,
        22112.025808304566,
        21479.32269841743,
        20970.261224055226,
        20797.45626399949,
        20699.13184208051,
        20152.20162330012
      ]
    },
    {
      "topic_id": 2,
      "top_words": [
        "paul",
        "ron",
        "people",
        "like",
        "think",
        "just",
        "does",
        "libertarian",
        "url",
        "know",
        "subreddit",
        "did",
        "government",
        "reddit",
        "support"
      ],
      "weights": [
        69933.98885612097,
        46497.25971240253,
        16288.9871795875,
        14441.79042182556,
        12726.297614562229,
        12548.473227043596,
        11681.692122835775,
        8944.77007744977,
        8300.312179376957,
        7610.476747931246,
        7500.865475382499,
        7151.730830527815,
        6825.932476015494,
        6709.073592346248,
        5927.60452110548
      ]
    },
    {
      "topic_id": 3,
      "top_words": [
        "url",
        "just",
        "like",
        "internet",
        "know",
        "time",
        "people",
        "does",
        "reddit",
        "think",
        "did",
        "good",
        "use",
        "really",
        "ve"
      ],
      "weights": [
        43000.37114317391,
        32688.704383337194,
        31727.31732129828,
        20817.130725256877,
        18092.46373845488,
        15948.080439904577,
        15794.222543844995,
        15241.330912704236,
        15049.826935880244,
        14086.325897586568,
        14003.227773281582,
        12908.895562484493,
        12784.64567328924,
        11868.399299709985,
        11708.579737270957
      ]
    },
    {
      "topic_id": 4,
      "top_words": [
        "health",
        "insurance",
        "care",
        "people",
        "just",
        "pay",
        "healthcare",
        "like",
        "does",
        "government",
        "think",
        "medical",
        "public",
        "companies",
        "cost"
      ],
      "weights": [
        110325.57726262209,
        107476.33883033256,
        97735.9773551912,
        66147.62864362444,
        41686.41000468028,
        39792.01171170947,
        38685.66055685526,
        33672.64623442251,
        30304.454615991777,
        30091.26703657808,
        28506.43844675519,
        25959.00009841384,
        25550.827864801606,
        25454.41927726001,
        22621.70853516537
      ]
    },
    {
      "topic_id": 5,
      "top_words": [
        "people",
        "money",
        "just",
        "work",
        "like",
        "pay",
        "make",
        "think",
        "market",
        "does",
        "government",
        "good",
        "time",
        "need",
        "job"
      ],
      "weights": [
        143881.5864007182,
        81500.62389390927,
        77881.46889505036,
        75820.30486493921,
        68691.18442409992,
        61809.10822505719,
        59985.02222067168,
        55908.7138399141,
        52114.5377730236,
        50670.107550854234,
        47024.03535225968,
        43139.91850323795,
        40445.34767881227,
        39115.579065808335,
        38826.399479835156
      ]
    },
    {
      "topic_id": 6,
      "top_words": [
        "people",
        "gun",
        "guns",
        "law",
        "illegal",
        "just",
        "right",
        "like",
        "police",
        "think",
        "crime",
        "immigration",
        "laws",
        "does",
        "state"
      ],
      "weights": [
        34623.50193085465,
        28608.375064571934,
        21490.528937200164,
        21121.265094580453,
        18972.82739837291,
        17431.64176799772,
        15249.869647158012,
        13464.390088779603,
        13106.162674390198,
        12826.30297267832,
        11533.897033619538,
        11451.29579234783,
        11252.764871542531,
        11244.035560552935,
        10542.185331674831
      ]
    },
    {
      "topic_id": 7,
      "top_words": [
        "government",
        "people",
        "taxes",
        "tax",
        "just",
        "like",
        "money",
        "think",
        "right",
        "want",
        "country",
        "spending",
        "does",
        "social",
        "pay"
      ],
      "weights": [
        111093.30917417594,
        90702.76009873395,
        49633.19084225662,
        48970.60906552387,
        44872.36401027522,
        42012.39727960137,
        33240.24648841124,
        30278.24263436941,
        29513.746879998118,
        27608.866132032177,
        26484.82570387324,
        24347.2373444519,
        24238.634253929737,
        24092.83306725638,
        23217.82394646442
      ]
    },
    {
      "topic_id": 8,
      "top_words": [
        "party",
        "vote",
        "republicans",
        "democrats",
        "republican",
        "people",
        "like",
        "just",
        "think",
        "obama",
        "voting",
        "right",
        "parties",
        "election",
        "gop"
      ],
      "weights": [
        86820.43934012562,
        68519.79037861906,
        47223.05920113892,
        41552.797615352865,
        38215.55690470626,
        36906.083095821006,
        34090.96948122454,
        33384.497597816466,
        31846.102614188552,
        29352.47598034443,
        26517.391384360373,
        23404.39211541337,
        20800.736642704658,
        20034.154484128845,
        18592.08180440865
      ]
    },
    {
      "topic_id": 9,
      "top_words": [
        "people",
        "government",
        "does",
        "think",
        "just",
        "right",
        "rights",
        "like",
        "free",
        "state",
        "property",
        "society",
        "want",
        "say",
        "way"
      ],
      "weights": [
        114852.07212761421,
        96159.9349228932,
        69229.35226309192,
        64248.40851256832,
        62608.92088916635,
        55481.10327476213,
        54159.32748759676,
        53163.156115661244,
        51276.693027844565,
        49570.540563256596,
        47902.54011258869,
        44082.66114563859,
        42308.27887489578,
        36979.25767549219,
        35838.24608382521
      ]
    },
    {
      "topic_id": 10,
      "top_words": [
        "like",
        "just",
        "people",
        "obama",
        "think",
        "did",
        "know",
        "mccain",
        "palin",
        "does",
        "url",
        "really",
        "say",
        "right",
        "said"
      ],