{
  "topics": [
    {
      "topic_id": 0,
      "top_words": [
        "people",
        "just",
        "like",
        "think",
        "internet",
        "does",
        "make",
        "url",
        "know",
        "really",
        "use",
        "want",
        "free",
        "time",
        "way"
      ],
      "weights": [
        45817.436926340495,
        44716.339723686084,
        43315.98290073738,
        28566.263894005384,
        25430.608637230656,
        22651.139338947578,
        21903.035995939248,
        20423.575334633995,
        19141.2221508373,
        17769.90229718363,
        17313.567064757815,
        17067.28210386793,
        16928.52981336144,
        16926.38338167111,
        16905.28407433619
      ]
    },
    {
      "topic_id": 1,
      "top_words": [
        "people",
        "abortion",
        "just",
        "life",
        "does",
        "drug",
        "like",
        "think",
        "drugs",
        "right",
        "control",
        "birth",
        "child",
        "want",
        "make"
      ],
      "weights": [
        56812.73549366791,
        44146.78123739508,
        41849.48338474285,
        40598.8093454426,
        35060.42808390301,
        31619.726757246943,
        31485.63389740488,
        29971.500589527335,
        28702.366047649146,
        28487.022467192204,
        25706.855435240363,
        25407.928210184407,
        23689.06651275119,
        23543.67039809855,
        22284.93992968141
      ]
    },
    {
      "topic_id": 2,
      "top_words": [
        "just",
        "url",
        "people",
        "like",
        "oil",
        "think",
        "energy",
        "does",
        "science",
        "know",
        "years",
        "time",
        "climate",
        "gas",
        "did"
      ],
      "weights": [
        36012.907437242815,
        31150.090353923435,
        28162.075821452883,
        28023.655171952825,
        23805.567259074407,
        20180.192856012753,
        19804.03919307857,
        18866.628141382284,
        18468.501946655502,
        17508.799652449386,
        16010.272889951748,
        15887.918703933943,
        14500.396590311484,
        14240.865840453049,
        13329.681224666403
      ]
    },
    {
      "topic_id": 3,
      "top_words": [
        "obama",
        "president",
        "bush",
        "did",
        "just",
        "people",
        "like",
        "does",
        "congress",
        "think",
        "url",
        "war",
        "law",
        "right",
        "said"
      ],
      "weights": [
        113210.86405409982,
        49648.61574527176,
        32719.385522812176,
        30191.553069767993,
        29058.089597395458,
        26920.56852299008,
        25481.29924209447,
        23593.379650162122,
        22738.773981902086,
        20999.944729942756,
        19771.27739335398,
        19501.133031264897,
        16239.324409837793,
        15028.461341267435,
        12880.15138578685
      ]
    },
    {
      "topic_id": 4,
      "top_words": [
        "party",
        "people",
        "conservative",
        "right",
        "like",
        "liberal",
        "just",
        "think",
        "republican",
        "republicans",
        "conservatives",
        "left",
        "liberals",
        "government",
        "democrats"
      ],
      "weights": [
        68893.64425014137,
        68161.1063921439,
        50325.08618865487,
        49488.327368092345,
        47937.64135897852,
        45410.74090179257,
        45042.79918076982,
        43004.12112979488,
        42514.424928320776,
        42171.83962314846,
        33663.28232640496,
        30706.187512855977,
        29999.449670801245,
        28314.994918033713,
        27783.06586678239
      ]
    },
    {
      "topic_id": 5,
      "top_words": [
        "people",
        "police",
        "just",
        "gun",
        "like",
        "did",
        "think",
        "law",
        "does",
        "know",
        "guns",
        "zimmerman",
        "cops",
        "right",
        "crime"
      ],
      "weights": [
        96155.06092834364,
        89421.35567477431,
        79295.37696548688,
        73668.95431005524,
        64220.68783426724,
        56257.38963383474,
        47547.19606715041,
        46624.199439705044,
        46177.0973219814,
        45070.26295168234,
        43212.892464741366,
        39213.48053707138,
        38319.600370427615,
        37553.6954669224,
        37269.284092764276
      ]
    },
    {
      "topic_id": 6,
      "top_words": [
        "people",
        "property",
        "government",
        "just",
        "does",
        "think",
        "society",
        "like",
        "state",
        "free",
        "right",
        "use",
        "want",
        "capitalism",
        "market"
      ],
      "weights": [
        120908.14312651951,
        79968.16298804339,
        79542.55013648677,
        66411.29255368677,
        64626.052952150676,
        60555.4186013117,
        58596.94645424261,
        55341.00426847599,
        53795.58061111785,
        46154.5775049592,
        41311.744649488035,
        39647.48030388198,
        39284.29072646756,
        38610.645485445384,
        38063.506391265066
      ]
    },
    {
      "topic_id": 7,
      "top_words": [
        "obama",
        "money",
        "romney",
        "tax",
        "just",
        "spending",
        "did",
        "like",
        "people",
        "url",
        "does",
        "budget",
        "bush",
        "debt",
        "years"
      ],
      "weights": [
        80555.57985244234,
        63346.87329443479,
        49410.879674728036,
        44992.72012799121,
        44599.445848739415,
        42349.80256513087,
        41923.80457800895,
        39705.54065979136,
        34569.60684229652,
        33744.30142878114,
        29236.30481913162,
        28588.17846377668,
        27567.585284502333,
        26331.143136259474,
        26065.069936988475
      ]
    },
    {
      "topic_id": 8,
      "top_words": [
        "news",
        "just",
        "like",
        "people",
        "fox",
        "did",
        "does",
        "think",
        "media",
        "url",
        "right",
        "know",
        "obama",
        "said",
        "say"
      ],
      "weights": [
        65217.03380899545,
        51725.949287718926,
        49211.749310975974,
        42470.1437045186,
        36998.53294969933,
        33145.99198429778,
        31276.046526901715,
        29064.430835523097,
        28011.209387388277,
        27831.387908615987,
        23773.850794896134,
        22644.797573253192,
        22563.55122816887,
        22282.12902797212,
        21525.035958682183
      ]
    },
    {
      "topic_id": 9,
      "top_words": [
        "people",
        "money",
        "tax",
        "just",
        "government",
        "pay",
        "taxes",
        "income",
        "make",
        "like",
        "does",
        "work",
        "think",
        "business",
        "market"
      ],
      "weights": [
        145477.7477912264,
        117716.08139654402,
        93509.20938346526,
        75092.0534634698,
        73334.64992742181,
        69078.92929172465,
        65610.77900363588,
        64481.25830204253,
        58370.77588765596,
        58230.9694891862,
        57877.32597177446,
        54766.08250664443,
        51556.922933126145,
        50558.80675076289,
        47780.03663095958
      ]
    },
    {
      "topic_id": 10,
      "top_words": [
        "government",
        "rights",
        "state",
        "people",
        "states",
        "law",
        "right",
        "marriage",
        "federal",
        "constitution",
        "does",
        "laws",
        "court",
        "just",
        "think"
      ],